AlbumId,album_title,artist_name,units_sold,distinct_tracks_sold,revenue
253,"Battlestar Galactica (Classic), Season 1",Battlestar Galactica (Classic),18,18,35.82
251,"The Office, Season 3",The Office,16,14,31.84
23,Minha Historia,Chico Buarque,27,23,26.73
228,"Heroes, Season 1",Heroes,13,11,25.87
231,"Lost, Season 2",Lost,13,13,25.87
141,Greatest Hits,Lenny Kravitz,26,25,25.74
73,Unplugged,Eric Clapton,25,23,24.75
227,"Battlestar Galactica, Season 3",Battlestar Galactica,12,11,23.88
229,"Lost, Season 3",Lost,11,11,21.89
224,Acústico,Titãs,22,18,21.78
