TrackId,track_name,genre
3377,Arms Around Your Love,Alternative
3402,"Band Members Discuss Tracks from ""Revelations""",Alternative
3394,Broken City,Alternative
3385,Finally Forever,Alternative
3380,Ghosts,Alternative
3367,Hunger Strike,Alternative
3397,Jewel of the Summertime,Alternative
3381,Killing Birds,Alternative
3375,No Such Thing,Alternative
3399,Nothing Left to Say But Goodbye,Alternative
3390,One and the Same,Alternative
3393,Original Fire,Alternative
3376,Poison Eye,Alternative
3368,Pushin Forward Back,Alternative
3366,Reach Down,Alternative
3389,Revelations,Alternative
3379,She'll Never Be Your Man,Alternative
3386,Silence the Voices,Alternative
3395,Somedays,Alternative
3370,Times of Trouble,Alternative
