InvoiceId,InvoiceDate,Country,track_name,album_title,artist_name,genre,UnitPrice,Quantity
1,2009-01-01 00:00:00,Germany,Balls to the Wall,Balls to the Wall,Accept,Rock,0.99,1
1,2009-01-01 00:00:00,Germany,Restless and Wild,Restless and Wild,Accept,Rock,0.99,1
2,2009-01-02 00:00:00,Norway,Put The Finger On You,For Those About To Rock We Salute You,AC/DC,Rock,0.99,1
2,2009-01-02 00:00:00,Norway,Inject The Venom,For Those About To Rock We Salute You,AC/DC,Rock,0.99,1
2,2009-01-02 00:00:00,Norway,Evil Walks,For Those About To Rock We Salute You,AC/DC,Rock,0.99,1
2,2009-01-02 00:00:00,Norway,Breaking The Rules,For Those About To Rock We Salute You,AC/DC,Rock,0.99,1
3,2009-01-03 00:00:00,Belgium,Dog Eat Dog,Let There Be Rock,AC/DC,Rock,0.99,1
3,2009-01-03 00:00:00,Belgium,Overdose,Let There Be Rock,AC/DC,Rock,0.99,1
3,2009-01-03 00:00:00,Belgium,Love In An Elevator,Big Ones,Aerosmith,Rock,0.99,1
3,2009-01-03 00:00:00,Belgium,Janie's Got A Gun,Big Ones,Aerosmith,Rock,0.99,1
