country,track_name,units_sold,revenue
USA,Gay Witch Hunt,2,3.98
Austria,Born to Run,1,1.99
Brazil,Experiment In Terra,1,1.99
Canada,Pilot,1,1.99
Chile,Better Halves,1,1.99
Czech Republic,Collaborators,1,1.99
Finland,"The Gun On Ice Planet Zero, Pt. 1",1,1.99
France,"Battlestar Galactica, Pt. 2",1,1.99
Germany,A Day In the Life,1,1.99
Hungary,Christmas Party,1,1.99
India,Baltar's Escape,1,1.99
Ireland,...And Found,1,1.99
Netherlands,"Greetings from Earth, Pt. 2",1,1.99
Norway,Something Nice Back Home,1,1.99
Portugal,"Greetings from Earth, Pt. 1",1,1.99
Sweden,Occupation / Precipice,1,1.99
Argentina,Battery,1,0.99
Australia,09 - Iron Maiden,1,0.99
Belgium,Angel,1,0.99
Denmark,Around The World,1,0.99
Italy,32 Dentes,1,0.99
Poland,Aeroplane Flies High,1,0.99
Spain,Arc,1,0.99
United Kingdom,2 X 4,1,0.99
