genre,artist_name,revenue,artist_rank
Alternative,Audioslave,4.95,1
Alternative,Chris Cornell,3.96,2
Alternative,Temple of the Dog,3.96,2
Alternative & Punk,Titãs,33.66,1
Alternative & Punk,Faith No More,32.67,2
Alternative & Punk,Green Day,32.67,2
Blues,Eric Clapton,26.73,1
Blues,The Black Crowes,13.86,2
Bossa Nova,Toquinho & Vinícius,14.85,1
Classical,Michael Tilson Thomas & San Francisco Symphony,2.97,1
Classical,"Academy of St. Martin in the Fields, Sir Neville Marriner & Thurston Dart",1.98,2
Classical,Berliner Philharmoniker & Herbert Von Karajan,1.98,2
Classical,Chicago Symphony Orchestra & Fritz Reiner,1.98,2
Classical,Emerson String Quartet,1.98,2
Classical,"Equale Brass Ensemble, John Eliot Gardiner & Munich Monteverdi Orchestra and Choir",1.98,2
Classical,Eugene Ormandy,1.98,2
Comedy,The Office,17.91,1
Drama,Lost,35.82,1
Drama,Heroes,21.89,2
Easy Listening,Frank Sinatra,9.9,1
Electronica/Dance,O Rappa,6.93,1
Electronica/Dance,Jamiroquai,4.95,2
Heavy Metal,Iron Maiden,11.88,1
Hip Hop/Rap,Planet Hemp,8.91,1
Hip Hop/Rap,House Of Pain,7.92,2
Jazz,Spyro Gyra,19.8,1
Jazz,Gene Krupa,16.83,2
Jazz,Miles Davis,16.83,2
Latin,Os Paralamas Do Sucesso,44.55,1
Latin,Chico Buarque,26.73,2
Metal,Metallica,90.09,1
Metal,Iron Maiden,69.3,2
Pop,U2,15.84,1
Pop,Amy Winehouse,5.94,2
Pop,Various Artists,5.94,2
R&B/Soul,Amy Winehouse,11.88,1
R&B/Soul,James Brown,11.88,1
Reggae,Cidade Negra,15.84,1
Reggae,UB40,7.92,2
Rock,U2,90.09,1
Rock,Led Zeppelin,86.13,2
Rock And Roll,BackBeat,5.94,1
Sci Fi & Fantasy,Battlestar Galactica (Classic),35.82,1
Sci Fi & Fantasy,Battlestar Galactica,3.98,2
Science Fiction,Battlestar Galactica,11.94,1
Soundtrack,Passengers,8.91,1
Soundtrack,Various Artists,5.94,2
TV Shows,Lost,45.77,1
TV Shows,The Office,31.84,2
World,João Suplicy,5.94,1
World,Mônica Marianno,5.94,1
