year_month,revenue,previous_month_revenue,change_amount,mom_growth_percent
2009-01,35.64,,,
2009-02,37.62,35.64,1.98,5.56
2009-03,37.62,37.62,0.0,0.0
2009-04,37.62,37.62,0.0,0.0
2009-05,37.62,37.62,0.0,0.0
2009-06,37.62,37.62,0.0,0.0
2009-07,37.62,37.62,0.0,0.0
2009-08,37.62,37.62,0.0,0.0
2009-09,37.62,37.62,0.0,0.0
2009-10,37.62,37.62,0.0,0.0
2009-11,37.62,37.62,0.0,0.0
2009-12,37.62,37.62,0.0,0.0
2010-01,52.62,37.62,15.0,39.87
2010-02,46.62,52.62,-6.0,-11.4
2010-03,44.62,46.62,-2.0,-4.29
2010-04,37.62,44.62,-7.0,-15.69
2010-05,37.62,37.62,0.0,0.0
2010-06,37.62,37.62,0.0,0.0
2010-07,37.62,37.62,0.0,0.0
2010-08,37.62,37.62,0.0,0.0
2010-09,36.63,37.62,-0.99,-2.63
2010-10,37.62,36.63,0.99,2.7
2010-11,37.62,37.62,0.0,0.0
2010-12,37.62,37.62,0.0,0.0
2011-01,37.62,37.62,0.0,0.0
2011-02,37.62,37.62,0.0,0.0
2011-03,37.62,37.62,0.0,0.0
2011-04,51.62,37.62,14.0,37.21
2011-05,42.62,51.62,-9.0,-17.44
2011-06,50.62,42.62,8.0,18.77
2011-07,37.62,50.62,-13.0,-25.68
2011-08,37.62,37.62,0.0,0.0
2011-09,37.62,37.62,0.0,0.0
2011-10,37.62,37.62,0.0,0.0
2011-11,23.76,37.62,-13.86,-36.84
2011-12,37.62,23.76,13.86,58.33
2012-01,37.62,37.62,0.0,0.0
2012-02,37.62,37.62,0.0,0.0
2012-03,37.62,37.62,0.0,0.0
2012-04,37.62,37.62,0.0,0.0
2012-05,37.62,37.62,0.0,0.0
2012-06,37.62,37.62,0.0,0.0
2012-07,39.62,37.62,2.0,5.32
2012-08,47.62,39.62,8.0,20.19
2012-09,46.71,47.62,-0.91,-1.91
2012-10,42.62,46.71,-4.09,-8.76
2012-11,37.62,42.62,-5.0,-11.73
2012-12,37.62,37.62,0.0,0.0
2013-01,37.62,37.62,0.0,0.0
2013-02,27.72,37.62,-9.9,-26.32
2013-03,37.62,27.72,9.9,35.71
2013-04,33.66,37.62,-3.96,-10.53
2013-05,37.62,33.66,3.96,11.76
2013-06,37.62,37.62,0.0,0.0
2013-07,37.62,37.62,0.0,0.0
2013-08,37.62,37.62,0.0,0.0
2013-09,37.62,37.62,0.0,0.0
2013-10,37.62,37.62,0.0,0.0
2013-11,49.62,37.62,12.0,31.9
2013-12,38.62,49.62,-11.0,-22.17
