country,n_customers,n_invoices,revenue
USA,13,91,523.06
Canada,8,56,303.96
France,5,35,195.1
Brazil,5,35,190.1
Germany,4,28,156.48
United Kingdom,3,21,112.86
Czech Republic,2,14,90.24
Portugal,2,14,77.24
India,2,13,75.26
Chile,1,7,46.62
Hungary,1,7,45.62
Ireland,1,7,45.62
Austria,1,7,42.62
Finland,1,7,41.62
Netherlands,1,7,40.62
Norway,1,7,39.62
Sweden,1,7,38.62
Argentina,1,7,37.62
Australia,1,7,37.62
Belgium,1,7,37.62
Denmark,1,7,37.62
Italy,1,7,37.62
Poland,1,7,37.62
Spain,1,7,37.62
