country,n_customers,n_invoices,revenue,revenue_per_customer,avg_invoice_value
Chile,1,7,46.62,46.62,6.66
Hungary,1,7,45.62,45.62,6.52
Ireland,1,7,45.62,45.62,6.52
Czech Republic,2,14,90.24,45.12,6.45
Austria,1,7,42.62,42.62,6.09
Finland,1,7,41.62,41.62,5.95
Netherlands,1,7,40.62,40.62,5.8
USA,13,91,523.06,40.24,5.75
Norway,1,7,39.62,39.62,5.66
Germany,4,28,156.48,39.12,5.59
France,5,35,195.1,39.02,5.57
Portugal,2,14,77.24,38.62,5.52
Sweden,1,7,38.62,38.62,5.52
Brazil,5,35,190.1,38.02,5.43
Canada,8,56,303.96,37.99,5.43
India,2,13,75.26,37.63,5.79
Argentina,1,7,37.62,37.62,5.37
Australia,1,7,37.62,37.62,5.37
Belgium,1,7,37.62,37.62,5.37
Denmark,1,7,37.62,37.62,5.37
Italy,1,7,37.62,37.62,5.37
Poland,1,7,37.62,37.62,5.37
Spain,1,7,37.62,37.62,5.37
United Kingdom,3,21,112.86,37.62,5.37
