country,revenue,share_percent,cumulative_share_percent
USA,523.06,22.46,22.46
Canada,303.96,13.05,35.52
France,195.1,8.38,43.89
Brazil,190.1,8.16,52.06
Germany,156.48,6.72,58.78
United Kingdom,112.86,4.85,63.62
Czech Republic,90.24,3.88,67.5
Portugal,77.24,3.32,70.82
India,75.26,3.23,74.05
Chile,46.62,2.0,76.05
Hungary,45.62,1.96,78.01
Ireland,45.62,1.96,79.97
Austria,42.62,1.83,81.8
Finland,41.62,1.79,83.59
Netherlands,40.62,1.74,85.33
Norway,39.62,1.7,87.03
Sweden,38.62,1.66,88.69
Argentina,37.62,1.62,90.31
Australia,37.62,1.62,91.92
Belgium,37.62,1.62,93.54
Denmark,37.62,1.62,95.15
Italy,37.62,1.62,96.77
Poland,37.62,1.62,98.38
Spain,37.62,1.62,100.0
